,CountryRegion,CountryName,BirthRateValue,BirthRateRank,EnergyConsumptionValue,EnergyConsumptionRank,CDEmissionsValue,CDEmissionsRank,FertilityRateValue,FertilityRateRank,IPGrowthRateValue,IPGrowthRateRank,LaborForceValue,LaborForceRank,LifeExpectancyValue,LifeExpectancyRank,UnemploymentRateValue,UnemploymentRateRank
0,Africa,Niger,47.08,1,,191,,155,6.82,1,4.09,101,,55,60.09,218,0.75,4
1,Africa,Angola,41.8,2,,147,,84,5.83,2,-8.34,197,,42,62.11,214,8.53,142
2,Africa,Benin,41.15,3,,159,,126,5.43,6,9.12,35,,76,62.21,213,1.57,11
3,Africa,Mali,41.07,4,,172,,134,5.54,4,1.01,149,,68,62.41,211,7.72,130
4,Africa,Uganda,40.94,5,,183,,133,5.36,7,3.47,112,,37,68.96,180,2.94,33
5,Africa,Chad,40.45,6,,190,,162,5.46,5,0.3,156,,79,59.15,222,1.88,16
6,Africa,"Congo, Democratic Republic of the",40.08,7,,192,,151,5.63,3,7.78,54,,18,61.83,216,5.43,94
7,Africa,Somalia,37.98,8,,195,,176,5.31,9,3.5,111,,106,55.72,225,19.86,209
8,Africa,Mozambique,37.47,10,,162,,119,4.81,12,-0.42,160,,43,57.1,224,3.98,53
9,Africa,Liberia,36.64,11,,176,,166,4.79,13,16.25,11,,120,65.45,201,4.09,57
10,Africa,Guinea-Bissau,36.45,12,,184,,193,4.69,14,-0.7,165,,149,63.68,207,6.76,114
11,Africa,Guinea,35.67,13,,173,,149,4.85,11,3.9,105,,89,63.9,205,6.34,105
12,Africa,Cameroon,35.53,14,,167,,125,4.55,19,3.22,120,,50,63.27,210,3.87,50
13,South Asia,Afghanistan,35.46,15,,180,,117,4.62,15,-14.19,203,,56,53.65,227,13.28,182
14,Africa,Burundi,35.17,16,,194,,183,5.03,10,1.4,143,,77,67.42,190,1.79,14
15,Africa,Zambia,34.86,17,,149,,127,4.56,18,4.18,100,,65,66.26,197,13.03,178
16,Africa,Nigeria,34.19,18,,160,,40,4.62,16,-0.47,161,,10,61.33,217,9.79,155
17,Africa,Burkina Faso,33.57,19,,179,,139,4.27,22,8.73,39,,66,63.44,208,4.76,70
18,Africa,Sudan,33.47,20,,163,,91,4.6,17,-0.7,166,,47,67.12,193,19.81,208
19,Africa,Tanzania,33.3,21,,178,,101,4.39,20,6.5,67,,22,70.19,169,2.65,27
20,Africa,Zimbabwe,33.07,22,,150,,115,3.89,30,6.37,68,,67,63.32,209,5.17,84
21,Africa,Central African Republic,32.79,23,,193,,198,4.04,27,-0.24,158,,124,55.52,226,6.57,109
22,Africa,Sierra Leone,32.2,24,,188,,175,3.8,31,17.41,9,,111,58.76,223,5.33,90
23,Africa,Togo,31.86,25,,174,,158,4.23,25,5.32,84,,108,71.36,166,4.0,55
24,Africa,"Congo, Republic of the",31.82,26,,139,,138,4.36,21,-7.91,195,,122,62.1,215,23.01,216
25,Africa,Senegal,31.51,27,,157,,103,4.27,23,10.91,23,,92,69.96,171,3.72,48
26,East and Southeast Asia,Timor-Leste,30.94,28,,168,,189,4.21,26,5.65,79,,158,69.92,173,5.07,80
27,Africa,Ethiopia,30.49,29,,181,,92,3.99,28,7.26,58,,11,68.25,183,3.69,45
28,Africa,Equatorial Guinea,29.95,30,,95,,137,4.26,24,-6.46,190,,159,63.7,206,9.24,152
29,East and Southeast Asia,Papua New Guinea,29.03,31,,151,,128,3.92,29,-7.5,194,,103,69.43,177,2.75,28
30,Africa,"Gambia, The",28.78,32,,177,,186,3.79,32,10.4,26,,150,67.6,188,11.21,167
31,Africa,Madagascar,28.68,33,,186,,140,3.62,34,-21.56,207,,41,68.17,184,2.59,26
32,Africa,Ghana,28.55,34,,152,,88,3.66,33,-0.8,167,,44,69.37,178,4.7,68
33,Africa,Cote d'Ivoire,28.3,35,,161,,100,3.53,37,6.2,71,,59,62.26,212,3.47,39
34,Africa,Sao Tome and Principe,28.19,36,,148,,206,3.56,36,1.44,142,,188,67.06,194,15.91,197
35,Africa,Mauritania,28.06,37,,145,,141,3.53,38,-6.61,191,,139,65.22,204,11.46,169
36,Africa,Malawi,27.94,38,,187,,165,3.4,41,1.9,137,,61,72.44,154,7.02,117
37,Middle East,Gaza Strip,27.67,39,,143,,145,3.44,40,6.22,69,,137,75.4,122,24.9,220
38,Africa,Eritrea,27.04,40,,182,,179,3.58,35,5.4,83,,132,66.85,195,8.05,134
39,South Asia,Pakistan,26.48,41,,140,,31,3.46,39,7.81,53,,6,69.67,176,4.35,61
40,Africa,Rwanda,26.44,42,,189,,170,3.33,42,13.4,19,,70,65.85,199,1.61,12
41,Africa,Kenya,26.39,43,,166,,90,3.29,44,7.17,59,,27,69.69,175,5.74,97
42,Africa,Gabon,26.03,44,,127,,152,3.31,43,3.2,122,,153,69.7,174,22.26,213
43,Africa,Namibia,25.01,45,,121,,143,2.98,48,1.44,141,,147,66.47,196,21.68,212
44,Middle East,Iraq,24.7,46,,88,,35,3.25,45,-1.14,171,,52,73.18,148,14.19,187
45,Middle East,Yemen,24.64,47,,169,,105,3.01,47,-5.23,189,,69,67.51,189,13.57,184
46,Middle East,West Bank,24.42,48,,144,,146,2.96,50,6.22,70,,138,76.38,104,24.9,221
47,Africa,Eswatini,23.35,49,,136,,169,2.44,71,15.38,14,,162,59.69,219,25.76,222
48,Africa,Lesotho,23.15,50,,164,,181,2.92,51,8.52,44,,145,59.57,220,24.6,218
49,Middle East,Syria,22.72,51,,130,,76,2.8,55,-14.77,204,,73,74.28,139,10.57,162
50,Australia and Oceania,Solomon Islands,22.71,52,,165,,194,2.87,53,-3.84,183,,164,76.7,100,1.03,7
51,Middle East,Jordan,22.58,54,,108,,82,2.96,49,3.02,124,,110,76.01,110,19.25,206
52,Africa,Comoros,22.52,55,,170,,195,2.78,56,-0.25,159,,175,67.2,192,9.45,154
53,Central America and the Caribbean,Guatemala,22.34,56,,135,,85,2.62,65,8.49,46,,71,72.91,150,3.57,43
54,East and Southeast Asia,Philippines,22.28,57,,137,,36,2.78,58,8.49,47,,14,70.14,170,2.41,24
55,Africa,Djibouti,22.25,58,,158,,185,2.15,91,-4.43,187,,171,65.3,203,28.39,223
56,Middle East,Oman,22.11,59,,13,,49,2.7,61,1.05,148,,123,76.9,97,3.12,36
57,Australia and Oceania,Vanuatu,21.57,61,,153,,201,2.66,62,4.92,93,,180,75.14,129,2.18,21
58,Africa,Libya,21.56,62,,53,,68,3.09,46,-10.57,200,,121,77.18,93,19.58,207
59,Africa,Egypt,21.46,63,,106,,29,2.88,52,-1.09,169,,21,74.45,136,9.33,153
60,Central America and the Caribbean,Belize,21.28,64,,120,,188,2.62,64,15.08,17,,178,75.82,114,8.22,137
61,Central America and the Caribbean,Haiti,21.12,65,,175,,148,2.43,72,-2.48,178,,84,65.95,198,15.73,196
62,East and Southeast Asia,Laos,20.9,67,,81,,63,2.35,76,7.61,56,,97,68.15,185,1.26,9
63,Central Asia,Tajikistan,20.73,68,,124,,121,2.45,70,22.04,3,,116,69.36,179,7.75,131
64,Australia and Oceania,Tonga,20.31,69,,133,,207,2.76,60,1.23,146,,203,77.53,88,3.97,52
65,Africa,Botswana,20.28,70,,117,,131,2.39,74,19.38,8,,143,65.64,200,24.72,219
66,Australia and Oceania,Kiribati,20.12,71,,156,,210,2.2,87,-1.57,172,,199,67.9,187,30.6,226
67,Central Asia,Kyrgyzstan,19.54,72,,115,,118,2.5,69,3.1,123,,117,72.35,159,9.1,149
68,East and Southeast Asia,Cambodia,19.29,73,,142,,98,2.24,81,9.37,34,,57,70.65,168,0.61,3
69,Australia and Oceania,Samoa,19.21,74,,125,,192,2.42,73,-9.65,199,,189,75.19,127,9.84,157
70,South America,Bolivia,18.61,75,,126,,89,2.33,77,9.56,31,,72,72.5,153,8.51,140
71,Africa,South Africa,18.56,77,,61,,12,2.18,90,6.12,72,,29,65.32,202,33.56,227
72,Africa,Algeria,18.52,78,,91,,34,2.51,68,7.36,57,,48,78.03,77,12.7,176
73,Africa,Cabo Verde,18.49,79,,128,,173,2.13,92,11.76,22,,172,73.75,144,15.42,195
74,Australia and Oceania,"Micronesia, Federated States of",18.39,80,0.0,202,,204,2.24,83,-8.33,196,,201,74.44,137,16.2,198
75,Central America and the Caribbean,Dominican Republic,18.03,81,,109,,77,2.21,86,15.89,13,,83,72.56,151,8.5,139
76,Central America and the Caribbean,Panama,17.99,82,,60,,79,2.39,75,37.5,1,,127,77.62,87,12.09,175
77,Central America and the Caribbean,Honduras,17.92,83,,134,,109,2.01,106,20.05,7,,93,75.17,128,8.51,141
78,Central America and the Caribbean,El Salvador,17.87,84,,131,,122,2.05,99,9.47,32,,114,75.37,123,5.94,98
79,Middle East,Kuwait,17.78,85,,7,,45,2.24,82,-12.2,202,,119,79.13,64,3.71,47
80,South Asia,Bangladesh,17.69,86,,155,,44,2.09,95,10.29,27,,8,74.7,133,5.23,85
81,South Asia,Nepal,17.53,87,,171,,120,1.9,129,4.51,98,,38,72.4,158,5.05,79
82,Central Asia,Turkmenistan,17.51,88,,9,,39,2.03,103,1.0,152,,125,71.83,163,5.08,81
83,Africa,Morocco,17.42,89,,129,,54,2.29,79,6.84,62,,49,73.68,145,11.47,170
84,Middle East,Israel,17.41,90,,47,,53,2.56,67,6.05,73,,96,83.35,10,5.05,78
85,South America,Venezuela,17.27,91,,67,,41,2.22,84,-2.0,173,,53,73.29,147,6.41,106
86,South America,Peru,17.21,92,,112,,55,2.2,88,16.44,10,,34,68.94,181,4.83,74
87,South Asia,India,16.82,93,,132,,3,2.1,94,10.27,28,,2,67.22,191,5.98,100
88,South America,Guyana,16.72,94,,102,,150,2.06,97,33.52,2,,167,71.87,162,16.42,200
89,Australia and Oceania,Fiji,16.56,96,,118,,164,2.26,80,-8.34,198,,163,74.27,140,5.24,87
90,Central America and the Caribbean,Nicaragua,16.52,97,,141,,136,1.8,145,21.28,4,,105,74.78,132,5.96,99
91,South America,Ecuador,16.45,98,,104,,70,2.04,101,0.49,154,,62,78.0,79,6.43,108
92,East and Southeast Asia,Burma,16.34,99,,154,,75,2.02,104,-20.65,205,,30,69.92,172,2.17,19
93,South America,Paraguay,16.32,100,,89,,116,1.89,132,4.69,96,,99,78.37,73,7.21,120
94,East and Southeast Asia,Brunei,16.14,101,,5,,107,1.74,157,-4.17,185,,176,78.38,72,7.65,128
95,South Asia,Bhutan,15.94,102,,59,,174,1.79,147,1.96,134,,165,72.31,161,4.33,60
96,Central America and the Caribbean,Jamaica,15.91,103,,101,,106,2.06,98,2.38,131,,134,75.75,116,9.18,151
97,East and Southeast Asia,Mongolia,15.84,104,,69,,83,1.91,124,-2.22,176,,136,71.37,165,7.08,118
98,East and Southeast Asia,Vietnam,15.69,105,,113,,27,2.05,100,3.58,109,,12,75.52,121,2.17,20
99,South America,Argentina,15.58,106,,77,,32,2.18,89,15.26,16,,31,78.31,74,10.9,164
100,South Asia,Maldives,15.54,107,,92,,157,1.71,165,4.51,97,,173,76.94,96,6.08,101
101,Central Asia,Uzbekistan,15.53,108,,94,,42,1.73,160,8.37,48,,45,75.29,125,7.16,119
102,Central Asia,Kazakhstan,15.38,110,,23,,25,2.11,93,5.1,87,,58,72.53,152,4.9,75
103,South America,Suriname,15.38,111,,71,,156,1.92,122,-10.92,201,,170,72.42,157,10.06,159
104,East and Southeast Asia,Indonesia,15.32,112,,122,,11,2.01,107,3.42,113,,4,73.08,149,4.41,63
105,Middle East,Iran,15.27,113,,36,,8,1.93,118,3.21,121,,24,75.25,126,11.46,168
106,South America,Colombia,15.21,114,,116,,48,1.95,115,9.65,30,,25,74.89,130,14.34,188
107,Central America and the Caribbean,Antigua and Barbuda,15.16,115,,52,,182,1.95,114,8.26,49,,204,77.8,83,11.0,165
108,Europe,Faroe Islands,14.94,116,0.0,199,,177,2.29,78,3.4,115,,206,81.26,42,2.2,22
109,Europe,Kosovo,14.85,117,,99,,114,1.9,128,7.76,55,,160,71.12,167,30.5,225
110,Central America and the Caribbean,"Bahamas, The",14.64,118,,37,,142,1.98,111,8.51,45,,174,76.13,107,13.24,180
111,Africa,Tunisia,14.62,119,,114,,81,2.0,108,8.6,41,,95,76.82,99,16.82,202
112,East and Southeast Asia,Malaysia,14.55,120,,44,,26,1.75,155,5.65,78,,39,76.13,108,4.61,67
113,Central America and the Caribbean,Costa Rica,14.28,121,,103,,111,1.86,134,9.83,29,,118,79.64,58,17.95,204
114,Middle East,Turkey (Turkiye),14.28,122,,76,,17,1.93,119,12.46,21,,19,76.21,105,13.39,183
115,Middle East,Saudi Arabia,14.22,123,,12,,10,1.92,121,1.71,139,,40,76.65,102,7.36,121
116,East and Southeast Asia,"Korea, North",14.21,124,,146,,87,1.9,127,1.0,151,,36,71.77,164,2.59,25
117,Australia and Oceania,New Caledonia,14.13,125,0.0,205,,132,1.86,135,3.5,110,,181,78.83,66,16.57,201
118,South America,Brazil,13.96,127,,93,,14,1.8,144,4.48,99,,5,75.92,112,14.4,190
119,Central America and the Caribbean,Grenada,13.94,128,,107,,196,1.93,117,15.33,15,,190,75.74,118,24.0,217
120,Central America and the Caribbean,Dominica,13.91,130,,111,,203,2.02,105,5.01,90,,208,78.21,76,23.0,214
121,South Asia,Sri Lanka,13.8,131,,138,,80,1.98,113,5.62,81,,64,78.0,80,5.39,91
122,Middle East,Azerbaijan,13.59,133,,86,,72,1.86,133,1.95,135,,87,74.15,142,6.58,110
123,North America,Mexico,13.55,134,,90,,13,1.68,171,5.44,82,,13,72.32,160,4.38,62
124,Central America and the Caribbean,Turks and Caicos Islands,13.54,135,0.0,210,,200,1.7,169,5.0,91,,220,80.82,44,10.0,158
125,Middle East,Lebanon,13.1,138,,97,,78,1.71,164,-6.85,193,,130,78.76,67,14.49,191
126,Australia and Oceania,New Zealand,12.78,140,,22,,64,1.86,136,-2.09,174,,109,82.54,24,4.12,59
127,South America,Chile,12.75,141,,72,,47,1.76,151,5.06,89,,60,79.79,54,9.13,150
128,South America,Uruguay,12.71,142,,85,,129,1.76,153,5.87,74,,131,78.43,71,10.45,161
129,Europe,Albania,12.69,143,,110,,144,1.54,194,16.0,12,,135,79.47,61,11.82,172
130,Australia and Oceania,Cook Islands,12.55,145,0.0,197,,208,2.07,96,1.0,150,,218,77.14,94,13.1,179
131,Middle East,Bahrain,12.4,147,,3,,61,1.67,172,0.4,155,,151,79.9,52,1.87,15
132,Africa,Seychelles,12.37,148,,29,,171,1.82,141,3.63,107,,194,76.1,109,3.0,34
133,Europe,Ireland,12.32,149,,41,,71,1.92,120,20.33,6,,115,81.66,37,6.63,111
134,Australia and Oceania,Australia,12.3,150,,16,,15,1.73,159,-0.55,162,,46,83.09,14,5.11,82
135,North America,United States,12.28,151,,11,,2,1.84,137,3.25,119,,3,80.59,46,5.46,95
136,Central America and the Caribbean,Saint Vincent and the Grenadines,12.27,152,,123,,202,1.75,156,5.7,76,,192,76.68,101,21.62,211
137,Central America and the Caribbean,Saint Kitts and Nevis,12.24,154,,82,,199,1.76,152,1.55,140,,212,77.08,95,4.5,65
138,Central America and the Caribbean,Saint Lucia,12.02,155,,100,,184,1.72,162,10.8,24,,183,78.95,65,16.91,203
139,Europe,Norway,12.0,157,,8,,69,1.83,139,2.19,132,,107,82.55,22,4.99,76
140,Central America and the Caribbean,Cayman Islands,11.69,159,,25,,178,1.82,140,-3.36,180,,198,82.04,29,4.0,54
141,Europe,France,11.66,160,,34,,18,2.03,102,6.98,61,,20,82.59,19,8.06,135
142,Europe,Luxembourg,11.61,162,,10,,102,1.63,178,2.87,125,,166,82.98,15,5.23,86
143,Europe,Denmark,11.22,164,,43,,73,1.77,150,5.25,85,,104,81.66,36,4.8,71
144,Europe,Montenegro,11.19,165,,78,,153,1.81,143,1.39,144,,169,77.75,84,18.49,205
145,Middle East,Armenia,11.1,166,,98,,130,1.65,175,3.4,114,,141,76.13,106,20.9,210
146,North America,Bermuda,11.03,167,,24,,180,1.9,125,0.1,157,,202,82.04,28,7.0,116
147,Middle East,Georgia,11.0,168,,87,,104,1.75,154,2.4,130,,129,77.5,89,10.66,163
148,Europe,Netherlands,10.99,169,,19,,30,1.78,148,4.93,92,,54,82.16,27,4.01,56
149,Europe,Belgium,10.95,170,,17,,37,1.77,149,1.28,145,,80,81.86,32,6.42,107
150,Central America and the Caribbean,British Virgin Islands,10.95,171,,74,,205,1.35,217,1.1,147,,215,79.67,57,2.9,32
151,Central America and the Caribbean,Montserrat,10.9,173,0.0,203,,213,1.32,219,-21.0,206,,222,75.7,119,5.6,96
152,Central America and the Caribbean,Barbados,10.83,174,,68,,163,1.7,167,-0.6,163,,179,78.55,69,10.41,160
153,Europe,Sweden,10.83,175,,21,,59,1.67,173,5.72,75,,75,82.7,17,8.66,143
154,Middle East,United Arab Emirates,10.81,176,,4,,24,1.64,177,2.54,128,,74,79.56,60,3.36,37
155,Europe,United Kingdom,10.79,178,,46,,16,1.63,181,9.12,36,,17,81.94,31,4.53,66
156,Europe,Cyprus,10.57,180,,40,,113,1.48,205,8.1,51,,156,79.74,55,6.13,102
157,Europe,North Macedonia,10.45,181,,96,,123,1.51,201,-2.37,177,,148,76.84,98,16.2,199
158,Europe,Finland,10.42,182,,20,,62,1.74,158,2.77,126,,112,81.76,34,7.53,126
159,Europe,Switzerland,10.36,183,,38,,66,1.58,190,7.91,52,,85,83.23,12,5.32,89
160,Europe,Moldova,10.19,185,,105,,112,1.59,187,-0.67,164,,152,72.44,155,3.96,51
161,North America,Canada,10.17,186,,6,,9,1.57,191,4.74,95,,32,83.8,6,7.51,125
162,East and Southeast Asia,Thailand,10.14,187,,79,,20,1.54,196,3.34,117,,16,77.66,86,1.42,10
163,Central America and the Caribbean,Cuba,10.11,188,,119,,94,1.71,163,-6.75,192,,82,79.64,59,2.76,29
164,East and Southeast Asia,China,9.93,189,,54,,1,1.45,210,8.22,50,,1,77.72,85,4.82,73
165,Africa,Mauritius,9.86,190,,75,,124,1.35,218,20.88,5,,157,74.86,131,7.41,124
166,Europe,Malta,9.73,192,,14,,108,1.5,203,-3.3,179,,168,83.2,13,3.5,40
167,Europe,Austria,9.45,193,,28,,52,1.51,199,6.77,64,,90,82.27,25,6.3,103
168,Central Asia,Russia,9.45,194,,18,,4,1.6,184,4.9,94,,7,72.44,156,5.01,77
169,Middle East,Qatar,9.33,196,,1,,38,1.9,130,0.66,153,,126,79.81,53,0.26,2
170,Europe,Lithuania,9.26,198,,58,,96,1.61,183,8.58,42,,133,75.78,115,7.9,132
171,East and Southeast Asia,Macau,9.11,199,,73,,159,1.22,224,5.17,86,,161,84.98,3,3.01,35
172,Europe,Belarus,9.08,200,,56,,56,1.51,200,6.7,65,,86,74.28,138,4.74,69
173,Europe,Germany,9.08,201,,31,,6,1.57,192,3.61,108,,15,81.51,38,3.54,42
174,East and Southeast Asia,Singapore,9.05,202,,2,,28,1.16,225,13.32,20,,101,86.35,2,3.62,44
175,Europe,Ukraine,9.0,203,,70,,33,1.56,193,2.57,127,,33,73.45,146,8.88,147
176,Europe,Slovakia,8.94,204,,42,,74,1.46,208,2.46,129,,113,78.31,75,6.74,113
177,Europe,Serbia,8.92,205,,62,,60,1.46,207,8.63,40,,102,74.17,141,11.81,171
178,Europe,Romania,8.76,207,,84,,51,1.63,179,4.07,102,,63,75.75,117,5.17,83
179,Europe,Estonia,8.75,208,,80,,135,1.61,182,7.13,60,,154,77.88,82,6.33,104
180,Europe,Latvia,8.73,209,,66,,110,1.54,195,1.93,136,,146,75.91,113,7.6,127
181,Europe,Croatia,8.65,210,,64,,93,1.45,211,9.11,37,,128,77.22,91,8.68,144
182,Europe,Hungary,8.65,211,,50,,58,1.48,206,6.64,66,,88,77.2,92,4.12,58
183,Europe,Czechia,8.59,212,,30,,43,1.49,204,3.3,118,,78,79.73,56,2.89,31
184,Europe,Poland,8.5,213,,48,,21,1.4,214,3.36,116,,35,78.76,68,3.37,38
185,Europe,Bosnia and Herzegovina,8.41,214,,83,,95,1.36,216,8.87,38,,140,77.98,81,15.22,194
186,Europe,Slovenia,8.3,215,,39,,99,1.6,186,9.43,33,,144,81.82,33,4.42,64
187,Europe,Bulgaria,8.05,216,,55,,67,1.5,202,1.72,138,,100,75.57,120,5.42,93
188,East and Southeast Asia,Hong Kong,8.04,217,,27,,46,1.22,222,2.08,133,,98,83.61,8,5.32,88
189,Europe,Portugal,8.0,218,,57,,57,1.43,212,5.63,80,,81,81.5,39,6.65,112
190,Central America and the Caribbean,Puerto Rico,7.87,219,,63,,86,1.24,221,-2.1,175,,142,81.68,35,8.27,138
191,Europe,Greece,7.61,220,,51,,50,1.4,213,10.67,25,,91,81.49,40,14.8,193
192,East and Southeast Asia,Taiwan,7.39,221,,32,,23,1.08,227,3.9,106,,51,81.16,43,3.73,49
193,Europe,Spain,7.13,222,,45,,22,1.27,220,4.03,103,,28,82.55,23,14.73,192
194,Europe,Italy,6.95,223,,49,,19,1.22,223,13.46,18,,26,82.59,20,9.83,156
195,East and Southeast Asia,Japan,6.95,224,,35,,5,1.38,215,-4.33,186,,9,84.83,4,2.8,30
196,East and Southeast Asia,"Korea, South",6.92,225,,15,,7,1.1,226,5.09,88,,23,82.97,16,3.53,41
